[{"model": "admin.logentry", "pk": 1, "fields": {"action_time": "2023-08-22T20:12:29.761Z", "user": "210044e3-d03c-461d-acd2-e06dc349bf4c", "content_type": 8, "object_id": "839ebc5b-23fd-4109-a221-c69aa0e54e6a", "object_repr": "Permanent", "action_flag": 1, "change_message": "[{\"added\": {}}]"}}, {"model": "admin.logentry", "pk": 2, "fields": {"action_time": "2023-08-22T20:12:59.838Z", "user": "210044e3-d03c-461d-acd2-e06dc349bf4c", "content_type": 8, "object_id": "4a2aac8a-f491-419c-9290-285a1b04046b", "object_repr": "Present", "action_flag": 1, "change_message": "[{\"added\": {}}]"}}, {"model": "admin.logentry", "pk": 3, "fields": {"action_time": "2023-08-22T20:13:32.240Z", "user": "210044e3-d03c-461d-acd2-e06dc349bf4c", "content_type": 9, "object_id": "ceb317ca-f361-4d20-b7fb-acd0ce5513f5", "object_repr": "Dhaka", "action_flag": 1, "change_message": "[{\"added\": {}}]"}}, {"model": "admin.logentry", "pk": 4, "fields": {"action_time": "2023-08-22T20:13:39.146Z", "user": "210044e3-d03c-461d-acd2-e06dc349bf4c", "content_type": 9, "object_id": "f4e9b850-9aa4-4585-854c-6fb2b40250bf", "object_repr": "Chattogram", "action_flag": 1, "change_message": "[{\"added\": {}}]"}}, {"model": "admin.logentry", "pk": 5, "fields": {"action_time": "2023-08-22T20:13:42.999Z", "user": "210044e3-d03c-461d-acd2-e06dc349bf4c", "content_type": 9, "object_id": "60683a08-21b1-451b-935a-5ad7be19a6db", "object_repr": "Rajshahi", "action_flag": 1, "change_message": "[{\"added\": {}}]"}}, {"model": "admin.logentry", "pk": 6, "fields": {"action_time": "2023-08-22T20:13:56.599Z", "user": "210044e3-d03c-461d-acd2-e06dc349bf4c", "content_type": 9, "object_id": "2681c070-52b5-4f4b-b486-91bd2dc48b14", "object_repr": "Khulna", "action_flag": 1, "change_message": "[{\"added\": {}}]"}}, {"model": "admin.logentry", "pk": 7, "fields": {"action_time": "2023-08-22T20:14:01.849Z", "user": "210044e3-d03c-461d-acd2-e06dc349bf4c", "content_type": 9, "object_id": "43923351-d93c-4e5f-b0d2-2c597a9ef1f5", "object_repr": "Barisal", "action_flag": 1, "change_message": "[{\"added\": {}}]"}}, {"model": "admin.logentry", "pk": 8, "fields": {"action_time": "2023-08-22T20:14:05.097Z", "user": "210044e3-d03c-461d-acd2-e06dc349bf4c", "content_type": 9, "object_id": "c7bcc140-b0d7-4538-ae24-f4b051679bc6", "object_repr": "Sylhet", "action_flag": 1, "change_message": "[{\"added\": {}}]"}}, {"model": "admin.logentry", "pk": 9, "fields": {"action_time": "2023-08-22T20:14:15.980Z", "user": "210044e3-d03c-461d-acd2-e06dc349bf4c", "content_type": 9, "object_id": "482311bd-578a-4561-b410-a994e1ac679b", "object_repr": "Rangpur", "action_flag": 1, "change_message": "[{\"added\": {}}]"}}, {"model": "admin.logentry", "pk": 10, "fields": {"action_time": "2023-08-22T20:14:22.089Z", "user": "210044e3-d03c-461d-acd2-e06dc349bf4c", "content_type": 9, "object_id": "50094dc1-8091-4f7f-a5e1-640902c15ee0", "object_repr": "Mymensingh", "action_flag": 1, "change_message": "[{\"added\": {}}]"}}, {"model": "admin.logentry", "pk": 11, "fields": {"action_time": "2023-08-22T20:15:38.986Z", "user": "210044e3-d03c-461d-acd2-e06dc349bf4c", "content_type": 10, "object_id": "aa785d7b-7cfa-4e8b-a5bc-159765c1c98e", "object_repr": "Dhaka", "action_flag": 1, "change_message": "[{\"added\": {}}]"}}, {"model": "admin.logentry", "pk": 12, "fields": {"action_time": "2023-08-22T20:17:21.880Z", "user": "210044e3-d03c-461d-acd2-e06dc349bf4c", "content_type": 10, "object_id": "860a1fed-74f0-411f-b09b-146be3d0b535", "object_repr": "Faridpur", "action_flag": 1, "change_message": "[{\"added\": {}}]"}}, {"model": "admin.logentry", "pk": 13, "fields": {"action_time": "2023-08-22T20:17:35.650Z", "user": "210044e3-d03c-461d-acd2-e06dc349bf4c", "content_type": 10, "object_id": "a9a148cd-8d85-4de5-a769-255e90d21f24", "object_repr": "Gazipur", "action_flag": 1, "change_message": "[{\"added\": {}}]"}}, {"model": "admin.logentry", "pk": 14, "fields": {"action_time": "2023-08-22T20:17:46.864Z", "user": "210044e3-d03c-461d-acd2-e06dc349bf4c", "content_type": 10, "object_id": "9a5f0bd2-ebcb-47b4-827a-d117879df045", "object_repr": "Gopalganj", "action_flag": 1, "change_message": "[{\"added\": {}}]"}}, {"model": "admin.logentry", "pk": 15, "fields": {"action_time": "2023-08-22T20:17:55.101Z", "user": "210044e3-d03c-461d-acd2-e06dc349bf4c", "content_type": 10, "object_id": "55f899b2-ac67-4dae-8cae-e3e938ab49ae", "object_repr": "Kishoreganj", "action_flag": 1, "change_message": "[{\"added\": {}}]"}}, {"model": "admin.logentry", "pk": 16, "fields": {"action_time": "2023-08-22T20:18:03.706Z", "user": "210044e3-d03c-461d-acd2-e06dc349bf4c", "content_type": 10, "object_id": "a8fdc5b1-8351-444a-98c8-244b12eabea8", "object_repr": "Madaripur", "action_flag": 1, "change_message": "[{\"added\": {}}]"}}, {"model": "admin.logentry", "pk": 17, "fields": {"action_time": "2023-08-22T20:18:11.444Z", "user": "210044e3-d03c-461d-acd2-e06dc349bf4c", "content_type": 10, "object_id": "ab6b2477-5c36-4d8e-abbb-70a6857e6bcc", "object_repr": "Manikganj", "action_flag": 1, "change_message": "[{\"added\": {}}]"}}, {"model": "admin.logentry", "pk": 18, "fields": {"action_time": "2023-08-22T20:18:18.631Z", "user": "210044e3-d03c-461d-acd2-e06dc349bf4c", "content_type": 10, "object_id": "c1dc36ad-c167-48c5-9f94-623d5a871185", "object_repr": "Munshiganj", "action_flag": 1, "change_message": "[{\"added\": {}}]"}}, {"model": "admin.logentry", "pk": 19, "fields": {"action_time": "2023-08-22T20:18:26.534Z", "user": "210044e3-d03c-461d-acd2-e06dc349bf4c", "content_type": 10, "object_id": "ee3efa64-8260-4fd8-9dd5-ee45b5116c0c", "object_repr": "Narayanganj", "action_flag": 1, "change_message": "[{\"added\": {}}]"}}, {"model": "admin.logentry", "pk": 20, "fields": {"action_time": "2023-08-22T20:18:34.045Z", "user": "210044e3-d03c-461d-acd2-e06dc349bf4c", "content_type": 10, "object_id": "aacd1861-442b-48b2-865a-f583f1fd3921", "object_repr": "Narsingdi", "action_flag": 1, "change_message": "[{\"added\": {}}]"}}, {"model": "admin.logentry", "pk": 21, "fields": {"action_time": "2023-08-22T20:18:42.363Z", "user": "210044e3-d03c-461d-acd2-e06dc349bf4c", "content_type": 10, "object_id": "5df1cccc-81f9-4748-a5c4-7351d58a5046", "object_repr": "Rajbari", "action_flag": 1, "change_message": "[{\"added\": {}}]"}}, {"model": "admin.logentry", "pk": 22, "fields": {"action_time": "2023-08-22T20:18:49.169Z", "user": "210044e3-d03c-461d-acd2-e06dc349bf4c", "content_type": 10, "object_id": "6f76e711-1e47-4f60-94d5-f73b57cfff22", "object_repr": "Shariatpur", "action_flag": 1, "change_message": "[{\"added\": {}}]"}}, {"model": "admin.logentry", "pk": 23, "fields": {"action_time": "2023-08-22T20:18:59.066Z", "user": "210044e3-d03c-461d-acd2-e06dc349bf4c", "content_type": 10, "object_id": "e240d996-a2de-4085-aff7-a7d48b4a852f", "object_repr": "Tangail", "action_flag": 1, "change_message": "[{\"added\": {}}]"}}, {"model": "admin.logentry", "pk": 24, "fields": {"action_time": "2023-08-22T20:25:34.788Z", "user": "210044e3-d03c-461d-acd2-e06dc349bf4c", "content_type": 9, "object_id": "f4e9b850-9aa4-4585-854c-6fb2b40250bf", "object_repr": "Chittagong", "action_flag": 2, "change_message": "[{\"changed\": {\"fields\": [\"Name\"]}}]"}}, {"model": "admin.logentry", "pk": 25, "fields": {"action_time": "2023-08-22T20:25:45.163Z", "user": "210044e3-d03c-461d-acd2-e06dc349bf4c", "content_type": 10, "object_id": "b92b7aed-6d04-4595-b496-0c55d36c98c3", "object_repr": "Chittagong => Chittagong", "action_flag": 1, "change_message": "[{\"added\": {}}]"}}, {"model": "admin.logentry", "pk": 26, "fields": {"action_time": "2023-08-22T20:25:53.991Z", "user": "210044e3-d03c-461d-acd2-e06dc349bf4c", "content_type": 10, "object_id": "9bbf9006-6f25-4636-ae2c-fc123fafc85e", "object_repr": "Chittagong => Bandarban", "action_flag": 1, "change_message": "[{\"added\": {}}]"}}, {"model": "admin.logentry", "pk": 27, "fields": {"action_time": "2023-08-22T20:26:04.622Z", "user": "210044e3-d03c-461d-acd2-e06dc349bf4c", "content_type": 10, "object_id": "70902627-9dd9-4f0b-868b-ec163cd81680", "object_repr": "Chittagong => Brahmanbaria", "action_flag": 1, "change_message": "[{\"added\": {}}]"}}, {"model": "admin.logentry", "pk": 28, "fields": {"action_time": "2023-08-22T20:26:11.341Z", "user": "210044e3-d03c-461d-acd2-e06dc349bf4c", "content_type": 10, "object_id": "ee5bec1d-08c5-4831-b983-7530b97c579c", "object_repr": "Chittagong => Chandpur", "action_flag": 1, "change_message": "[{\"added\": {}}]"}}, {"model": "admin.logentry", "pk": 29, "fields": {"action_time": "2023-08-22T20:27:00.432Z", "user": "210044e3-d03c-461d-acd2-e06dc349bf4c", "content_type": 10, "object_id": "e09ddd9b-b12e-432a-b9a8-134e480284d8", "object_repr": "Chittagong => Comilla", "action_flag": 1, "change_message": "[{\"added\": {}}]"}}, {"model": "admin.logentry", "pk": 30, "fields": {"action_time": "2023-08-22T20:27:09.193Z", "user": "210044e3-d03c-461d-acd2-e06dc349bf4c", "content_type": 10, "object_id": "c2b4e16d-881b-4a6d-a0de-6acfcd5501e8", "object_repr": "Chittagong => Cox's Bazar", "action_flag": 1, "change_message": "[{\"added\": {}}]"}}, {"model": "admin.logentry", "pk": 31, "fields": {"action_time": "2023-08-22T20:27:19.018Z", "user": "210044e3-d03c-461d-acd2-e06dc349bf4c", "content_type": 10, "object_id": "39a257c6-292e-4a64-a425-90b793d0ef97", "object_repr": "Chittagong => Feni", "action_flag": 1, "change_message": "[{\"added\": {}}]"}}, {"model": "admin.logentry", "pk": 32, "fields": {"action_time": "2023-08-22T20:27:26.914Z", "user": "210044e3-d03c-461d-acd2-e06dc349bf4c", "content_type": 10, "object_id": "d09056fa-211b-4eb7-8b6d-408fdb31f951", "object_repr": "Chittagong => Khagrachari", "action_flag": 1, "change_message": "[{\"added\": {}}]"}}, {"model": "admin.logentry", "pk": 33, "fields": {"action_time": "2023-08-22T20:27:34.562Z", "user": "210044e3-d03c-461d-acd2-e06dc349bf4c", "content_type": 10, "object_id": "bec1ed31-dce5-4493-a157-e9f8b6a64d11", "object_repr": "Chittagong => Lakshmipur", "action_flag": 1, "change_message": "[{\"added\": {}}]"}}, {"model": "admin.logentry", "pk": 34, "fields": {"action_time": "2023-08-22T20:27:45.353Z", "user": "210044e3-d03c-461d-acd2-e06dc349bf4c", "content_type": 10, "object_id": "3bb5ab00-f37e-461a-a5c1-5785629fa74f", "object_repr": "Chittagong => Noakhali", "action_flag": 1, "change_message": "[{\"added\": {}}]"}}, {"model": "admin.logentry", "pk": 35, "fields": {"action_time": "2023-08-22T20:27:51.439Z", "user": "210044e3-d03c-461d-acd2-e06dc349bf4c", "content_type": 10, "object_id": "ee5372dc-0311-4ded-acfb-0975542ea8db", "object_repr": "Chittagong => Rangamati", "action_flag": 1, "change_message": "[{\"added\": {}}]"}}, {"model": "admin.logentry", "pk": 36, "fields": {"action_time": "2023-08-22T20:29:45.494Z", "user": "210044e3-d03c-461d-acd2-e06dc349bf4c", "content_type": 10, "object_id": "485e82d3-06d8-4d61-92f1-bb7d98c4052e", "object_repr": "Rajshahi => Bogura", "action_flag": 1, "change_message": "[{\"added\": {}}]"}}, {"model": "admin.logentry", "pk": 37, "fields": {"action_time": "2023-08-22T20:29:52.572Z", "user": "210044e3-d03c-461d-acd2-e06dc349bf4c", "content_type": 10, "object_id": "2d07d34f-05a5-4bde-8cb3-825f474a1df5", "object_repr": "Rajshahi => Chapainawabganj", "action_flag": 1, "change_message": "[{\"added\": {}}]"}}, {"model": "admin.logentry", "pk": 38, "fields": {"action_time": "2023-08-22T20:30:02.019Z", "user": "210044e3-d03c-461d-acd2-e06dc349bf4c", "content_type": 10, "object_id": "c5ac60c1-dadf-4c49-a5dd-dd391313d17a", "object_repr": "Rajshahi => Joypurhat", "action_flag": 1, "change_message": "[{\"added\": {}}]"}}, {"model": "admin.logentry", "pk": 39, "fields": {"action_time": "2023-08-22T20:30:09.934Z", "user": "210044e3-d03c-461d-acd2-e06dc349bf4c", "content_type": 10, "object_id": "eb3d3ce9-4814-4813-8b97-8d681dc55abc", "object_repr": "Rajshahi => Naogaon", "action_flag": 1, "change_message": "[{\"added\": {}}]"}}, {"model": "admin.logentry", "pk": 40, "fields": {"action_time": "2023-08-22T20:30:16.653Z", "user": "210044e3-d03c-461d-acd2-e06dc349bf4c", "content_type": 10, "object_id": "d3d364c7-7892-437c-8d15-82a7938cc7ff", "object_repr": "Rajshahi => Natore", "action_flag": 1, "change_message": "[{\"added\": {}}]"}}, {"model": "admin.logentry", "pk": 41, "fields": {"action_time": "2023-08-22T20:30:24.109Z", "user": "210044e3-d03c-461d-acd2-e06dc349bf4c", "content_type": 10, "object_id": "d5b3eb62-a561-4ec0-b983-530508da77d4", "object_repr": "Rajshahi => Pabna", "action_flag": 1, "change_message": "[{\"added\": {}}]"}}, {"model": "admin.logentry", "pk": 42, "fields": {"action_time": "2023-08-22T20:30:29.969Z", "user": "210044e3-d03c-461d-acd2-e06dc349bf4c", "content_type": 10, "object_id": "cd9e9ce3-1cf6-473a-89f3-3d0a89fd66a4", "object_repr": "Rajshahi => Rajshahi", "action_flag": 1, "change_message": "[{\"added\": {}}]"}}, {"model": "admin.logentry", "pk": 43, "fields": {"action_time": "2023-08-22T20:30:36.323Z", "user": "210044e3-d03c-461d-acd2-e06dc349bf4c", "content_type": 10, "object_id": "3e4a0220-30c8-4c84-9c2b-7eda8a2bff65", "object_repr": "Rajshahi => Sirajganj", "action_flag": 1, "change_message": "[{\"added\": {}}]"}}, {"model": "admin.logentry", "pk": 44, "fields": {"action_time": "2023-08-22T20:30:47.958Z", "user": "210044e3-d03c-461d-acd2-e06dc349bf4c", "content_type": 10, "object_id": "da16e10e-444a-4d33-afef-dafcbf46390f", "object_repr": "Khulna => Bagerhat", "action_flag": 1, "change_message": "[{\"added\": {}}]"}}, {"model": "admin.logentry", "pk": 45, "fields": {"action_time": "2023-08-22T20:30:56.079Z", "user": "210044e3-d03c-461d-acd2-e06dc349bf4c", "content_type": 10, "object_id": "c7f0c8d5-e567-440c-b366-448054c6a1ad", "object_repr": "Khulna => Chuadanga", "action_flag": 1, "change_message": "[{\"added\": {}}]"}}, {"model": "admin.logentry", "pk": 46, "fields": {"action_time": "2023-08-22T20:31:02.484Z", "user": "210044e3-d03c-461d-acd2-e06dc349bf4c", "content_type": 10, "object_id": "fa4deb5e-b3dc-45f3-98d0-717004ba03ab", "object_repr": "Khulna => Jashore", "action_flag": 1, "change_message": "[{\"added\": {}}]"}}, {"model": "admin.logentry", "pk": 47, "fields": {"action_time": "2023-08-22T20:31:11.311Z", "user": "210044e3-d03c-461d-acd2-e06dc349bf4c", "content_type": 10, "object_id": "904a9a78-1bb4-4d64-ac70-cacead83120b", "object_repr": "Khulna => Jhenaidah", "action_flag": 1, "change_message": "[{\"added\": {}}]"}}, {"model": "admin.logentry", "pk": 48, "fields": {"action_time": "2023-08-22T20:31:23.035Z", "user": "210044e3-d03c-461d-acd2-e06dc349bf4c", "content_type": 10, "object_id": "228dc71f-8547-4cae-8030-1c5f5bbc4fb1", "object_repr": "Khulna => Khulna", "action_flag": 1, "change_message": "[{\"added\": {}}]"}}, {"model": "admin.logentry", "pk": 49, "fields": {"action_time": "2023-08-22T20:31:31.378Z", "user": "210044e3-d03c-461d-acd2-e06dc349bf4c", "content_type": 10, "object_id": "8b01b1fc-98bf-46bb-8ba5-7fc990d0a393", "object_repr": "Khulna => Kushtia", "action_flag": 1, "change_message": "[{\"added\": {}}]"}}, {"model": "admin.logentry", "pk": 50, "fields": {"action_time": "2023-08-22T20:31:38.466Z", "user": "210044e3-d03c-461d-acd2-e06dc349bf4c", "content_type": 10, "object_id": "a89c4220-c732-453b-b4a3-60c20d6d4e2c", "object_repr": "Khulna => Magura", "action_flag": 1, "change_message": "[{\"added\": {}}]"}}, {"model": "admin.logentry", "pk": 51, "fields": {"action_time": "2023-08-22T20:31:45.580Z", "user": "210044e3-d03c-461d-acd2-e06dc349bf4c", "content_type": 10, "object_id": "eecf2344-1aa0-4dab-b2da-ec74c44853aa", "object_repr": "Khulna => Meherpur", "action_flag": 1, "change_message": "[{\"added\": {}}]"}}, {"model": "admin.logentry", "pk": 52, "fields": {"action_time": "2023-08-22T20:31:52.363Z", "user": "210044e3-d03c-461d-acd2-e06dc349bf4c", "content_type": 10, "object_id": "77f5d7c2-7795-4422-b640-366fc40deaa1", "object_repr": "Khulna => Narail", "action_flag": 1, "change_message": "[{\"added\": {}}]"}}, {"model": "admin.logentry", "pk": 53, "fields": {"action_time": "2023-08-22T20:31:59.923Z", "user": "210044e3-d03c-461d-acd2-e06dc349bf4c", "content_type": 10, "object_id": "f8e859fa-8f9c-4708-9b09-4667c2c9daf5", "object_repr": "Khulna => Satkhira", "action_flag": 1, "change_message": "[{\"added\": {}}]"}}, {"model": "admin.logentry", "pk": 54, "fields": {"action_time": "2023-08-22T20:32:09.052Z", "user": "210044e3-d03c-461d-acd2-e06dc349bf4c", "content_type": 10, "object_id": "0a9cda3e-b509-4b65-953b-ac413435ed0c", "object_repr": "Barisal => Barguna", "action_flag": 1, "change_message": "[{\"added\": {}}]"}}, {"model": "admin.logentry", "pk": 55, "fields": {"action_time": "2023-08-22T20:32:17.592Z", "user": "210044e3-d03c-461d-acd2-e06dc349bf4c", "content_type": 10, "object_id": "f0bf745e-83e8-4828-b5e3-a51da1d2023e", "object_repr": "Barisal => Barisal", "action_flag": 1, "change_message": "[{\"added\": {}}]"}}, {"model": "admin.logentry", "pk": 56, "fields": {"action_time": "2023-08-22T20:32:25.223Z", "user": "210044e3-d03c-461d-acd2-e06dc349bf4c", "content_type": 10, "object_id": "3b7447f4-806d-4745-b48d-a5156a85d000", "object_repr": "Barisal => Bhola", "action_flag": 1, "change_message": "[{\"added\": {}}]"}}, {"model": "admin.logentry", "pk": 57, "fields": {"action_time": "2023-08-22T20:32:32.067Z", "user": "210044e3-d03c-461d-acd2-e06dc349bf4c", "content_type": 10, "object_id": "f7422977-4128-4faa-8ead-b29f6b8193e8", "object_repr": "Barisal => Jhalokathi", "action_flag": 1, "change_message": "[{\"added\": {}}]"}}, {"model": "admin.logentry", "pk": 58, "fields": {"action_time": "2023-08-22T20:32:39.825Z", "user": "210044e3-d03c-461d-acd2-e06dc349bf4c", "content_type": 10, "object_id": "226ffb92-0e77-48d4-a04d-c2c9fa924f0f", "object_repr": "Barisal => Patuakhali", "action_flag": 1, "change_message": "[{\"added\": {}}]"}}, {"model": "admin.logentry", "pk": 59, "fields": {"action_time": "2023-08-22T20:32:48.080Z", "user": "210044e3-d03c-461d-acd2-e06dc349bf4c", "content_type": 10, "object_id": "c74a9905-5cee-46e3-98bb-0b716dbad1ca", "object_repr": "Barisal => Pirojpur", "action_flag": 1, "change_message": "[{\"added\": {}}]"}}, {"model": "admin.logentry", "pk": 60, "fields": {"action_time": "2023-08-22T20:32:55.930Z", "user": "210044e3-d03c-461d-acd2-e06dc349bf4c", "content_type": 10, "object_id": "12b2dd04-a19a-4c96-b1aa-775a7ae46465", "object_repr": "Sylhet => Habiganj", "action_flag": 1, "change_message": "[{\"added\": {}}]"}}, {"model": "admin.logentry", "pk": 61, "fields": {"action_time": "2023-08-22T20:33:03.277Z", "user": "210044e3-d03c-461d-acd2-e06dc349bf4c", "content_type": 10, "object_id": "5bed1108-45ef-4ece-af80-f40bcda78206", "object_repr": "Sylhet => Moulvibazar", "action_flag": 1, "change_message": "[{\"added\": {}}]"}}, {"model": "admin.logentry", "pk": 62, "fields": {"action_time": "2023-08-22T20:33:10.354Z", "user": "210044e3-d03c-461d-acd2-e06dc349bf4c", "content_type": 10, "object_id": "82610567-ac48-40f1-960f-50b06032dc81", "object_repr": "Sylhet => Sunamganj", "action_flag": 1, "change_message": "[{\"added\": {}}]"}}, {"model": "admin.logentry", "pk": 63, "fields": {"action_time": "2023-08-22T20:33:16.703Z", "user": "210044e3-d03c-461d-acd2-e06dc349bf4c", "content_type": 10, "object_id": "c477c840-a378-46b1-92da-1ff81106134e", "object_repr": "Sylhet => Sylhet", "action_flag": 1, "change_message": "[{\"added\": {}}]"}}, {"model": "admin.logentry", "pk": 64, "fields": {"action_time": "2023-08-22T20:33:26.646Z", "user": "210044e3-d03c-461d-acd2-e06dc349bf4c", "content_type": 10, "object_id": "f50c4536-ab3f-45f6-b30d-6b8ef1b562f4", "object_repr": "Rangpur => Dinajpur", "action_flag": 1, "change_message": "[{\"added\": {}}]"}}, {"model": "admin.logentry", "pk": 65, "fields": {"action_time": "2023-08-22T20:33:33.380Z", "user": "210044e3-d03c-461d-acd2-e06dc349bf4c", "content_type": 10, "object_id": "01638b72-4a9f-45af-a365-8f527992e92d", "object_repr": "Rangpur => Gaibandha", "action_flag": 1, "change_message": "[{\"added\": {}}]"}}, {"model": "admin.logentry", "pk": 66, "fields": {"action_time": "2023-08-22T20:33:39.820Z", "user": "210044e3-d03c-461d-acd2-e06dc349bf4c", "content_type": 10, "object_id": "7d014731-e398-45bc-8e8f-8065408e43a9", "object_repr": "Rangpur => Kurigram", "action_flag": 1, "change_message": "[{\"added\": {}}]"}}, {"model": "admin.logentry", "pk": 67, "fields": {"action_time": "2023-08-22T20:33:48.932Z", "user": "210044e3-d03c-461d-acd2-e06dc349bf4c", "content_type": 10, "object_id": "c516deb6-dab8-4f32-a02c-02f03a2fff12", "object_repr": "Rangpur => Lalmonirhat", "action_flag": 1, "change_message": "[{\"added\": {}}]"}}, {"model": "admin.logentry", "pk": 68, "fields": {"action_time": "2023-08-22T20:33:56.244Z", "user": "210044e3-d03c-461d-acd2-e06dc349bf4c", "content_type": 10, "object_id": "2e65b0cf-743b-4872-9079-2efe0baba957", "object_repr": "Rangpur => Nilphamari", "action_flag": 1, "change_message": "[{\"added\": {}}]"}}, {"model": "admin.logentry", "pk": 69, "fields": {"action_time": "2023-08-22T20:34:03.830Z", "user": "210044e3-d03c-461d-acd2-e06dc349bf4c", "content_type": 10, "object_id": "2f955cf3-2b68-4cb4-a82d-5f4f0d415127", "object_repr": "Rangpur => Panchagarh", "action_flag": 1, "change_message": "[{\"added\": {}}]"}}, {"model": "admin.logentry", "pk": 70, "fields": {"action_time": "2023-08-22T20:34:10.568Z", "user": "210044e3-d03c-461d-acd2-e06dc349bf4c", "content_type": 10, "object_id": "9abca1e1-6a79-40b5-8df6-8f9cc58c05a6", "object_repr": "Rangpur => Rangpur", "action_flag": 1, "change_message": "[{\"added\": {}}]"}}, {"model": "admin.logentry", "pk": 71, "fields": {"action_time": "2023-08-22T20:34:18.009Z", "user": "210044e3-d03c-461d-acd2-e06dc349bf4c", "content_type": 10, "object_id": "90380134-8322-4612-8867-503d82760224", "object_repr": "Rangpur => Thakurgaon", "action_flag": 1, "change_message": "[{\"added\": {}}]"}}, {"model": "admin.logentry", "pk": 72, "fields": {"action_time": "2023-08-22T20:34:24.589Z", "user": "210044e3-d03c-461d-acd2-e06dc349bf4c", "content_type": 10, "object_id": "5c3245f6-96bb-48d2-ab5d-be7429ee28d0", "object_repr": "Mymensingh => Jamalpur", "action_flag": 1, "change_message": "[{\"added\": {}}]"}}, {"model": "admin.logentry", "pk": 73, "fields": {"action_time": "2023-08-22T20:34:33.915Z", "user": "210044e3-d03c-461d-acd2-e06dc349bf4c", "content_type": 10, "object_id": "0ff633f6-7bc6-4a3e-b19b-11d4ea066b00", "object_repr": "Mymensingh => Mymensingh", "action_flag": 1, "change_message": "[{\"added\": {}}]"}}, {"model": "admin.logentry", "pk": 74, "fields": {"action_time": "2023-08-22T20:34:41.095Z", "user": "210044e3-d03c-461d-acd2-e06dc349bf4c", "content_type": 10, "object_id": "4b265c47-184d-44e8-a156-bb7dd7976307", "object_repr": "Mymensingh => Netrokona", "action_flag": 1, "change_message": "[{\"added\": {}}]"}}, {"model": "admin.logentry", "pk": 75, "fields": {"action_time": "2023-08-22T20:34:48.281Z", "user": "210044e3-d03c-461d-acd2-e06dc349bf4c", "content_type": 10, "object_id": "3f8afd86-90cb-4bea-82ff-dec2b5e46eee", "object_repr": "Mymensingh => Sherpur", "action_flag": 1, "change_message": "[{\"added\": {}}]"}}, {"model": "admin.logentry", "pk": 76, "fields": {"action_time": "2023-08-22T20:35:05.845Z", "user": "210044e3-d03c-461d-acd2-e06dc349bf4c", "content_type": 9, "object_id": "f4e9b850-9aa4-4585-854c-6fb2b40250bf", "object_repr": "Chattogram", "action_flag": 2, "change_message": "[{\"changed\": {\"fields\": [\"Name\"]}}]"}}, {"model": "admin.logentry", "pk": 77, "fields": {"action_time": "2023-08-22T20:36:08.849Z", "user": "210044e3-d03c-461d-acd2-e06dc349bf4c", "content_type": 10, "object_id": "b92b7aed-6d04-4595-b496-0c55d36c98c3", "object_repr": "Chattogram => Chattogram", "action_flag": 2, "change_message": "[{\"changed\": {\"fields\": [\"Name\"]}}]"}}, {"model": "auth.permission", "pk": 1, "fields": {"name": "Can add log entry", "content_type": 1, "codename": "add_logentry"}}, {"model": "auth.permission", "pk": 2, "fields": {"name": "Can change log entry", "content_type": 1, "codename": "change_logentry"}}, {"model": "auth.permission", "pk": 3, "fields": {"name": "Can delete log entry", "content_type": 1, "codename": "delete_logentry"}}, {"model": "auth.permission", "pk": 4, "fields": {"name": "Can view log entry", "content_type": 1, "codename": "view_logentry"}}, {"model": "auth.permission", "pk": 5, "fields": {"name": "Can add permission", "content_type": 2, "codename": "add_permission"}}, {"model": "auth.permission", "pk": 6, "fields": {"name": "Can change permission", "content_type": 2, "codename": "change_permission"}}, {"model": "auth.permission", "pk": 7, "fields": {"name": "Can delete permission", "content_type": 2, "codename": "delete_permission"}}, {"model": "auth.permission", "pk": 8, "fields": {"name": "Can view permission", "content_type": 2, "codename": "view_permission"}}, {"model": "auth.permission", "pk": 9, "fields": {"name": "Can add group", "content_type": 3, "codename": "add_group"}}, {"model": "auth.permission", "pk": 10, "fields": {"name": "Can change group", "content_type": 3, "codename": "change_group"}}, {"model": "auth.permission", "pk": 11, "fields": {"name": "Can delete group", "content_type": 3, "codename": "delete_group"}}, {"model": "auth.permission", "pk": 12, "fields": {"name": "Can view group", "content_type": 3, "codename": "view_group"}}, {"model": "auth.permission", "pk": 13, "fields": {"name": "Can add content type", "content_type": 4, "codename": "add_contenttype"}}, {"model": "auth.permission", "pk": 14, "fields": {"name": "Can change content type", "content_type": 4, "codename": "change_contenttype"}}, {"model": "auth.permission", "pk": 15, "fields": {"name": "Can delete content type", "content_type": 4, "codename": "delete_contenttype"}}, {"model": "auth.permission", "pk": 16, "fields": {"name": "Can view content type", "content_type": 4, "codename": "view_contenttype"}}, {"model": "auth.permission", "pk": 17, "fields": {"name": "Can add session", "content_type": 5, "codename": "add_session"}}, {"model": "auth.permission", "pk": 18, "fields": {"name": "Can change session", "content_type": 5, "codename": "change_session"}}, {"model": "auth.permission", "pk": 19, "fields": {"name": "Can delete session", "content_type": 5, "codename": "delete_session"}}, {"model": "auth.permission", "pk": 20, "fields": {"name": "Can view session", "content_type": 5, "codename": "view_session"}}, {"model": "auth.permission", "pk": 21, "fields": {"name": "Can add user", "content_type": 6, "codename": "add_user"}}, {"model": "auth.permission", "pk": 22, "fields": {"name": "Can change user", "content_type": 6, "codename": "change_user"}}, {"model": "auth.permission", "pk": 23, "fields": {"name": "Can delete user", "content_type": 6, "codename": "delete_user"}}, {"model": "auth.permission", "pk": 24, "fields": {"name": "Can view user", "content_type": 6, "codename": "view_user"}}, {"model": "auth.permission", "pk": 25, "fields": {"name": "Can add user_otp", "content_type": 7, "codename": "add_user_otp"}}, {"model": "auth.permission", "pk": 26, "fields": {"name": "Can change user_otp", "content_type": 7, "codename": "change_user_otp"}}, {"model": "auth.permission", "pk": 27, "fields": {"name": "Can delete user_otp", "content_type": 7, "codename": "delete_user_otp"}}, {"model": "auth.permission", "pk": 28, "fields": {"name": "Can view user_otp", "content_type": 7, "codename": "view_user_otp"}}, {"model": "auth.permission", "pk": 29, "fields": {"name": "Can add address type", "content_type": 8, "codename": "add_addresstype"}}, {"model": "auth.permission", "pk": 30, "fields": {"name": "Can change address type", "content_type": 8, "codename": "change_addresstype"}}, {"model": "auth.permission", "pk": 31, "fields": {"name": "Can delete address type", "content_type": 8, "codename": "delete_addresstype"}}, {"model": "auth.permission", "pk": 32, "fields": {"name": "Can view address type", "content_type": 8, "codename": "view_addresstype"}}, {"model": "auth.permission", "pk": 33, "fields": {"name": "Can add division", "content_type": 9, "codename": "add_division"}}, {"model": "auth.permission", "pk": 34, "fields": {"name": "Can change division", "content_type": 9, "codename": "change_division"}}, {"model": "auth.permission", "pk": 35, "fields": {"name": "Can delete division", "content_type": 9, "codename": "delete_division"}}, {"model": "auth.permission", "pk": 36, "fields": {"name": "Can view division", "content_type": 9, "codename": "view_division"}}, {"model": "auth.permission", "pk": 37, "fields": {"name": "Can add sub_ division", "content_type": 10, "codename": "add_sub_division"}}, {"model": "auth.permission", "pk": 38, "fields": {"name": "Can change sub_ division", "content_type": 10, "codename": "change_sub_division"}}, {"model": "auth.permission", "pk": 39, "fields": {"name": "Can delete sub_ division", "content_type": 10, "codename": "delete_sub_division"}}, {"model": "auth.permission", "pk": 40, "fields": {"name": "Can view sub_ division", "content_type": 10, "codename": "view_sub_division"}}, {"model": "auth.permission", "pk": 41, "fields": {"name": "Can add user_ working_ assets", "content_type": 11, "codename": "add_user_working_assets"}}, {"model": "auth.permission", "pk": 42, "fields": {"name": "Can change user_ working_ assets", "content_type": 11, "codename": "change_user_working_assets"}}, {"model": "auth.permission", "pk": 43, "fields": {"name": "Can delete user_ working_ assets", "content_type": 11, "codename": "delete_user_working_assets"}}, {"model": "auth.permission", "pk": 44, "fields": {"name": "Can view user_ working_ assets", "content_type": 11, "codename": "view_user_working_assets"}}, {"model": "auth.permission", "pk": 45, "fields": {"name": "Can add user_ social_ link", "content_type": 12, "codename": "add_user_social_link"}}, {"model": "auth.permission", "pk": 46, "fields": {"name": "Can change user_ social_ link", "content_type": 12, "codename": "change_user_social_link"}}, {"model": "auth.permission", "pk": 47, "fields": {"name": "Can delete user_ social_ link", "content_type": 12, "codename": "delete_user_social_link"}}, {"model": "auth.permission", "pk": 48, "fields": {"name": "Can view user_ social_ link", "content_type": 12, "codename": "view_user_social_link"}}, {"model": "auth.permission", "pk": 49, "fields": {"name": "Can add user_ educationl_ info", "content_type": 13, "codename": "add_user_educationl_info"}}, {"model": "auth.permission", "pk": 50, "fields": {"name": "Can change user_ educationl_ info", "content_type": 13, "codename": "change_user_educationl_info"}}, {"model": "auth.permission", "pk": 51, "fields": {"name": "Can delete user_ educationl_ info", "content_type": 13, "codename": "delete_user_educationl_info"}}, {"model": "auth.permission", "pk": 52, "fields": {"name": "Can view user_ educationl_ info", "content_type": 13, "codename": "view_user_educationl_info"}}, {"model": "auth.permission", "pk": 53, "fields": {"name": "Can add user_ address", "content_type": 14, "codename": "add_user_address"}}, {"model": "auth.permission", "pk": 54, "fields": {"name": "Can change user_ address", "content_type": 14, "codename": "change_user_address"}}, {"model": "auth.permission", "pk": 55, "fields": {"name": "Can delete user_ address", "content_type": 14, "codename": "delete_user_address"}}, {"model": "auth.permission", "pk": 56, "fields": {"name": "Can view user_ address", "content_type": 14, "codename": "view_user_address"}}, {"model": "contenttypes.contenttype", "pk": 1, "fields": {"app_label": "admin", "model": "logentry"}}, {"model": "contenttypes.contenttype", "pk": 2, "fields": {"app_label": "auth", "model": "permission"}}, {"model": "contenttypes.contenttype", "pk": 3, "fields": {"app_label": "auth", "model": "group"}}, {"model": "contenttypes.contenttype", "pk": 4, "fields": {"app_label": "contenttypes", "model": "contenttype"}}, {"model": "contenttypes.contenttype", "pk": 5, "fields": {"app_label": "sessions", "model": "session"}}, {"model": "contenttypes.contenttype", "pk": 6, "fields": {"app_label": "Account", "model": "user"}}, {"model": "contenttypes.contenttype", "pk": 7, "fields": {"app_label": "Account", "model": "user_otp"}}, {"model": "contenttypes.contenttype", "pk": 8, "fields": {"app_label": "Profile", "model": "addresstype"}}, {"model": "contenttypes.contenttype", "pk": 9, "fields": {"app_label": "Profile", "model": "division"}}, {"model": "contenttypes.contenttype", "pk": 10, "fields": {"app_label": "Profile", "model": "sub_division"}}, {"model": "contenttypes.contenttype", "pk": 11, "fields": {"app_label": "Profile", "model": "user_working_assets"}}, {"model": "contenttypes.contenttype", "pk": 12, "fields": {"app_label": "Profile", "model": "user_social_link"}}, {"model": "contenttypes.contenttype", "pk": 13, "fields": {"app_label": "Profile", "model": "user_educationl_info"}}, {"model": "contenttypes.contenttype", "pk": 14, "fields": {"app_label": "Profile", "model": "user_address"}}, {"model": "sessions.session", "pk": "zgj1b30qucv70jyg10cvz29owrzieclv", "fields": {"session_data": ".eJxVjjsOgzAQRO_iOrbWX9iU9DkDWnuXQBKBxKeKcveARJHU897MvFVL29q32yJzO7C6KmcBQhCvGXzRIVnWVNhpgcTFB8xdKOryq2UqTxkPlx803idTpnGdh2wOxJzpYm4Ty6s52b-CnpZ-ty1EdMBIgiKRxTHti6lKLjN6SjZDrnP0-zmoOpcYa0LrYqpqgkioPl_-fUD_:1qYXiK:TUfZM-mfj4h6rCa2PLjSrul5WOPw0EtkGx0o25PKv48", "expire_date": "2023-09-05T20:10:56.304Z"}}, {"model": "Account.user", "pk": "210044e3-d03c-461d-acd2-e06dc349bf4c", "fields": {"password": "pbkdf2_sha256$600000$0VEvpJZ5BASp05YHcUPtY8$zsB3KmCdwCSHILUk7zD/urZr0dl+xpgQdtjF41+iXuo=", "last_login": "2023-08-22T20:10:56.269Z", "is_superuser": true, "first_name": "", "last_name": "", "is_staff": true, "is_active": true, "date_joined": "2023-08-22T20:10:00.377Z", "email": "admin@test.com", "email_varification": true, "gender": "Male", "phone": null, "birth_date": null, "profession": null, "profile_pic": "", "groups": [], "user_permissions": []}}, {"model": "Profile.user_social_link", "pk": "987dd152-7450-4982-8139-da0988005a4d", "fields": {"user": "210044e3-d03c-461d-acd2-e06dc349bf4c", "portfolio": null, "git": null, "facebook": null, "twitter": null, "instagram": null}}, {"model": "Profile.addresstype", "pk": "4a2aac8a-f491-419c-9290-285a1b04046b", "fields": {"a_type": "Present"}}, {"model": "Profile.addresstype", "pk": "839ebc5b-23fd-4109-a221-c69aa0e54e6a", "fields": {"a_type": "Permanent"}}, {"model": "Profile.division", "pk": "2681c070-52b5-4f4b-b486-91bd2dc48b14", "fields": {"name": "Khulna"}}, {"model": "Profile.division", "pk": "43923351-d93c-4e5f-b0d2-2c597a9ef1f5", "fields": {"name": "Barisal"}}, {"model": "Profile.division", "pk": "482311bd-578a-4561-b410-a994e1ac679b", "fields": {"name": "Rangpur"}}, {"model": "Profile.division", "pk": "50094dc1-8091-4f7f-a5e1-640902c15ee0", "fields": {"name": "Mymensingh"}}, {"model": "Profile.division", "pk": "60683a08-21b1-451b-935a-5ad7be19a6db", "fields": {"name": "Rajshahi"}}, {"model": "Profile.division", "pk": "c7bcc140-b0d7-4538-ae24-f4b051679bc6", "fields": {"name": "Sylhet"}}, {"model": "Profile.division", "pk": "ceb317ca-f361-4d20-b7fb-acd0ce5513f5", "fields": {"name": "Dhaka"}}, {"model": "Profile.division", "pk": "f4e9b850-9aa4-4585-854c-6fb2b40250bf", "fields": {"name": "Chattogram"}}, {"model": "Profile.sub_division", "pk": "01638b72-4a9f-45af-a365-8f527992e92d", "fields": {"division": "482311bd-578a-4561-b410-a994e1ac679b", "name": "Gaibandha"}}, {"model": "Profile.sub_division", "pk": "0a9cda3e-b509-4b65-953b-ac413435ed0c", "fields": {"division": "43923351-d93c-4e5f-b0d2-2c597a9ef1f5", "name": "Barguna"}}, {"model": "Profile.sub_division", "pk": "0ff633f6-7bc6-4a3e-b19b-11d4ea066b00", "fields": {"division": "50094dc1-8091-4f7f-a5e1-640902c15ee0", "name": "Mymensingh"}}, {"model": "Profile.sub_division", "pk": "12b2dd04-a19a-4c96-b1aa-775a7ae46465", "fields": {"division": "c7bcc140-b0d7-4538-ae24-f4b051679bc6", "name": "Habiganj"}}, {"model": "Profile.sub_division", "pk": "226ffb92-0e77-48d4-a04d-c2c9fa924f0f", "fields": {"division": "43923351-d93c-4e5f-b0d2-2c597a9ef1f5", "name": "Patuakhali"}}, {"model": "Profile.sub_division", "pk": "228dc71f-8547-4cae-8030-1c5f5bbc4fb1", "fields": {"division": "2681c070-52b5-4f4b-b486-91bd2dc48b14", "name": "Khulna"}}, {"model": "Profile.sub_division", "pk": "2d07d34f-05a5-4bde-8cb3-825f474a1df5", "fields": {"division": "60683a08-21b1-451b-935a-5ad7be19a6db", "name": "Chapainawabganj"}}, {"model": "Profile.sub_division", "pk": "2e65b0cf-743b-4872-9079-2efe0baba957", "fields": {"division": "482311bd-578a-4561-b410-a994e1ac679b", "name": "Nilphamari"}}, {"model": "Profile.sub_division", "pk": "2f955cf3-2b68-4cb4-a82d-5f4f0d415127", "fields": {"division": "482311bd-578a-4561-b410-a994e1ac679b", "name": "Panchagarh"}}, {"model": "Profile.sub_division", "pk": "39a257c6-292e-4a64-a425-90b793d0ef97", "fields": {"division": "f4e9b850-9aa4-4585-854c-6fb2b40250bf", "name": "Feni"}}, {"model": "Profile.sub_division", "pk": "3b7447f4-806d-4745-b48d-a5156a85d000", "fields": {"division": "43923351-d93c-4e5f-b0d2-2c597a9ef1f5", "name": "Bhola"}}, {"model": "Profile.sub_division", "pk": "3bb5ab00-f37e-461a-a5c1-5785629fa74f", "fields": {"division": "f4e9b850-9aa4-4585-854c-6fb2b40250bf", "name": "Noakhali"}}, {"model": "Profile.sub_division", "pk": "3e4a0220-30c8-4c84-9c2b-7eda8a2bff65", "fields": {"division": "60683a08-21b1-451b-935a-5ad7be19a6db", "name": "Sirajganj"}}, {"model": "Profile.sub_division", "pk": "3f8afd86-90cb-4bea-82ff-dec2b5e46eee", "fields": {"division": "50094dc1-8091-4f7f-a5e1-640902c15ee0", "name": "Sherpur"}}, {"model": "Profile.sub_division", "pk": "485e82d3-06d8-4d61-92f1-bb7d98c4052e", "fields": {"division": "60683a08-21b1-451b-935a-5ad7be19a6db", "name": "Bogura"}}, {"model": "Profile.sub_division", "pk": "4b265c47-184d-44e8-a156-bb7dd7976307", "fields": {"division": "50094dc1-8091-4f7f-a5e1-640902c15ee0", "name": "Netrokona"}}, {"model": "Profile.sub_division", "pk": "55f899b2-ac67-4dae-8cae-e3e938ab49ae", "fields": {"division": "ceb317ca-f361-4d20-b7fb-acd0ce5513f5", "name": "Kishoreganj"}}, {"model": "Profile.sub_division", "pk": "5bed1108-45ef-4ece-af80-f40bcda78206", "fields": {"division": "c7bcc140-b0d7-4538-ae24-f4b051679bc6", "name": "Moulvibazar"}}, {"model": "Profile.sub_division", "pk": "5c3245f6-96bb-48d2-ab5d-be7429ee28d0", "fields": {"division": "50094dc1-8091-4f7f-a5e1-640902c15ee0", "name": "Jamalpur"}}, {"model": "Profile.sub_division", "pk": "5df1cccc-81f9-4748-a5c4-7351d58a5046", "fields": {"division": "ceb317ca-f361-4d20-b7fb-acd0ce5513f5", "name": "Rajbari"}}, {"model": "Profile.sub_division", "pk": "6f76e711-1e47-4f60-94d5-f73b57cfff22", "fields": {"division": "ceb317ca-f361-4d20-b7fb-acd0ce5513f5", "name": "Shariatpur"}}, {"model": "Profile.sub_division", "pk": "70902627-9dd9-4f0b-868b-ec163cd81680", "fields": {"division": "f4e9b850-9aa4-4585-854c-6fb2b40250bf", "name": "Brahmanbaria"}}, {"model": "Profile.sub_division", "pk": "77f5d7c2-7795-4422-b640-366fc40deaa1", "fields": {"division": "2681c070-52b5-4f4b-b486-91bd2dc48b14", "name": "Narail"}}, {"model": "Profile.sub_division", "pk": "7d014731-e398-45bc-8e8f-8065408e43a9", "fields": {"division": "482311bd-578a-4561-b410-a994e1ac679b", "name": "Kurigram"}}, {"model": "Profile.sub_division", "pk": "82610567-ac48-40f1-960f-50b06032dc81", "fields": {"division": "c7bcc140-b0d7-4538-ae24-f4b051679bc6", "name": "Sunamganj"}}, {"model": "Profile.sub_division", "pk": "860a1fed-74f0-411f-b09b-146be3d0b535", "fields": {"division": "ceb317ca-f361-4d20-b7fb-acd0ce5513f5", "name": "Faridpur"}}, {"model": "Profile.sub_division", "pk": "8b01b1fc-98bf-46bb-8ba5-7fc990d0a393", "fields": {"division": "2681c070-52b5-4f4b-b486-91bd2dc48b14", "name": "Kushtia"}}, {"model": "Profile.sub_division", "pk": "90380134-8322-4612-8867-503d82760224", "fields": {"division": "482311bd-578a-4561-b410-a994e1ac679b", "name": "Thakurgaon"}}, {"model": "Profile.sub_division", "pk": "904a9a78-1bb4-4d64-ac70-cacead83120b", "fields": {"division": "2681c070-52b5-4f4b-b486-91bd2dc48b14", "name": "Jhenaidah"}}, {"model": "Profile.sub_division", "pk": "9a5f0bd2-ebcb-47b4-827a-d117879df045", "fields": {"division": "ceb317ca-f361-4d20-b7fb-acd0ce5513f5", "name": "Gopalganj"}}, {"model": "Profile.sub_division", "pk": "9abca1e1-6a79-40b5-8df6-8f9cc58c05a6", "fields": {"division": "482311bd-578a-4561-b410-a994e1ac679b", "name": "Rangpur"}}, {"model": "Profile.sub_division", "pk": "9bbf9006-6f25-4636-ae2c-fc123fafc85e", "fields": {"division": "f4e9b850-9aa4-4585-854c-6fb2b40250bf", "name": "Bandarban"}}, {"model": "Profile.sub_division", "pk": "a89c4220-c732-453b-b4a3-60c20d6d4e2c", "fields": {"division": "2681c070-52b5-4f4b-b486-91bd2dc48b14", "name": "Magura"}}, {"model": "Profile.sub_division", "pk": "a8fdc5b1-8351-444a-98c8-244b12eabea8", "fields": {"division": "ceb317ca-f361-4d20-b7fb-acd0ce5513f5", "name": "Madaripur"}}, {"model": "Profile.sub_division", "pk": "a9a148cd-8d85-4de5-a769-255e90d21f24", "fields": {"division": "ceb317ca-f361-4d20-b7fb-acd0ce5513f5", "name": "Gazipur"}}, {"model": "Profile.sub_division", "pk": "aa785d7b-7cfa-4e8b-a5bc-159765c1c98e", "fields": {"division": "ceb317ca-f361-4d20-b7fb-acd0ce5513f5", "name": "Dhaka"}}, {"model": "Profile.sub_division", "pk": "aacd1861-442b-48b2-865a-f583f1fd3921", "fields": {"division": "ceb317ca-f361-4d20-b7fb-acd0ce5513f5", "name": "Narsingdi"}}, {"model": "Profile.sub_division", "pk": "ab6b2477-5c36-4d8e-abbb-70a6857e6bcc", "fields": {"division": "ceb317ca-f361-4d20-b7fb-acd0ce5513f5", "name": "Manikganj"}}, {"model": "Profile.sub_division", "pk": "b92b7aed-6d04-4595-b496-0c55d36c98c3", "fields": {"division": "f4e9b850-9aa4-4585-854c-6fb2b40250bf", "name": "Chattogram"}}, {"model": "Profile.sub_division", "pk": "bec1ed31-dce5-4493-a157-e9f8b6a64d11", "fields": {"division": "f4e9b850-9aa4-4585-854c-6fb2b40250bf", "name": "Lakshmipur"}}, {"model": "Profile.sub_division", "pk": "c1dc36ad-c167-48c5-9f94-623d5a871185", "fields": {"division": "ceb317ca-f361-4d20-b7fb-acd0ce5513f5", "name": "Munshiganj"}}, {"model": "Profile.sub_division", "pk": "c2b4e16d-881b-4a6d-a0de-6acfcd5501e8", "fields": {"division": "f4e9b850-9aa4-4585-854c-6fb2b40250bf", "name": "Cox's Bazar"}}, {"model": "Profile.sub_division", "pk": "c477c840-a378-46b1-92da-1ff81106134e", "fields": {"division": "c7bcc140-b0d7-4538-ae24-f4b051679bc6", "name": "Sylhet"}}, {"model": "Profile.sub_division", "pk": "c516deb6-dab8-4f32-a02c-02f03a2fff12", "fields": {"division": "482311bd-578a-4561-b410-a994e1ac679b", "name": "Lalmonirhat"}}, {"model": "Profile.sub_division", "pk": "c5ac60c1-dadf-4c49-a5dd-dd391313d17a", "fields": {"division": "60683a08-21b1-451b-935a-5ad7be19a6db", "name": "Joypurhat"}}, {"model": "Profile.sub_division", "pk": "c74a9905-5cee-46e3-98bb-0b716dbad1ca", "fields": {"division": "43923351-d93c-4e5f-b0d2-2c597a9ef1f5", "name": "Pirojpur"}}, {"model": "Profile.sub_division", "pk": "c7f0c8d5-e567-440c-b366-448054c6a1ad", "fields": {"division": "2681c070-52b5-4f4b-b486-91bd2dc48b14", "name": "Chuadanga"}}, {"model": "Profile.sub_division", "pk": "cd9e9ce3-1cf6-473a-89f3-3d0a89fd66a4", "fields": {"division": "60683a08-21b1-451b-935a-5ad7be19a6db", "name": "Rajshahi"}}, {"model": "Profile.sub_division", "pk": "d09056fa-211b-4eb7-8b6d-408fdb31f951", "fields": {"division": "f4e9b850-9aa4-4585-854c-6fb2b40250bf", "name": "Khagrachari"}}, {"model": "Profile.sub_division", "pk": "d3d364c7-7892-437c-8d15-82a7938cc7ff", "fields": {"division": "60683a08-21b1-451b-935a-5ad7be19a6db", "name": "Natore"}}, {"model": "Profile.sub_division", "pk": "d5b3eb62-a561-4ec0-b983-530508da77d4", "fields": {"division": "60683a08-21b1-451b-935a-5ad7be19a6db", "name": "Pabna"}}, {"model": "Profile.sub_division", "pk": "da16e10e-444a-4d33-afef-dafcbf46390f", "fields": {"division": "2681c070-52b5-4f4b-b486-91bd2dc48b14", "name": "Bagerhat"}}, {"model": "Profile.sub_division", "pk": "e09ddd9b-b12e-432a-b9a8-134e480284d8", "fields": {"division": "f4e9b850-9aa4-4585-854c-6fb2b40250bf", "name": "Comilla"}}, {"model": "Profile.sub_division", "pk": "e240d996-a2de-4085-aff7-a7d48b4a852f", "fields": {"division": "ceb317ca-f361-4d20-b7fb-acd0ce5513f5", "name": "Tangail"}}, {"model": "Profile.sub_division", "pk": "eb3d3ce9-4814-4813-8b97-8d681dc55abc", "fields": {"division": "60683a08-21b1-451b-935a-5ad7be19a6db", "name": "Naogaon"}}, {"model": "Profile.sub_division", "pk": "ee3efa64-8260-4fd8-9dd5-ee45b5116c0c", "fields": {"division": "ceb317ca-f361-4d20-b7fb-acd0ce5513f5", "name": "Narayanganj"}}, {"model": "Profile.sub_division", "pk": "ee5372dc-0311-4ded-acfb-0975542ea8db", "fields": {"division": "f4e9b850-9aa4-4585-854c-6fb2b40250bf", "name": "Rangamati"}}, {"model": "Profile.sub_division", "pk": "ee5bec1d-08c5-4831-b983-7530b97c579c", "fields": {"division": "f4e9b850-9aa4-4585-854c-6fb2b40250bf", "name": "Chandpur"}}, {"model": "Profile.sub_division", "pk": "eecf2344-1aa0-4dab-b2da-ec74c44853aa", "fields": {"division": "2681c070-52b5-4f4b-b486-91bd2dc48b14", "name": "Meherpur"}}, {"model": "Profile.sub_division", "pk": "f0bf745e-83e8-4828-b5e3-a51da1d2023e", "fields": {"division": "43923351-d93c-4e5f-b0d2-2c597a9ef1f5", "name": "Barisal"}}, {"model": "Profile.sub_division", "pk": "f50c4536-ab3f-45f6-b30d-6b8ef1b562f4", "fields": {"division": "482311bd-578a-4561-b410-a994e1ac679b", "name": "Dinajpur"}}, {"model": "Profile.sub_division", "pk": "f7422977-4128-4faa-8ead-b29f6b8193e8", "fields": {"division": "43923351-d93c-4e5f-b0d2-2c597a9ef1f5", "name": "Jhalokathi"}}, {"model": "Profile.sub_division", "pk": "f8e859fa-8f9c-4708-9b09-4667c2c9daf5", "fields": {"division": "2681c070-52b5-4f4b-b486-91bd2dc48b14", "name": "Satkhira"}}, {"model": "Profile.sub_division", "pk": "fa4deb5e-b3dc-45f3-98d0-717004ba03ab", "fields": {"division": "2681c070-52b5-4f4b-b486-91bd2dc48b14", "name": "Jashore"}}]